sourceCommit,targetCommit
009a96080050880fa9e9114d3070ef8abce7d32a,d3958d885980b7bd5b2c452b751ad91f43229f76
0165bb1f08416f1c63e8f1da0684d07a2cf34e88,0000000000000000000000000000000000000000
028a32f1e68e430fb6073ab9f26741a946d55f6f,0000000000000000000000000000000000000000
0359d114e543818c98e565845cca4ff1faf5cc5c,0000000000000000000000000000000000000000
038ba2c00ffcab654a94f27168634470697415c9,6588b33aca1a727b40b7c1f1690898d1453441ce
04e479f7eb878d2e1634b911fe6e03adeec066b6,0000000000000000000000000000000000000000
061d2ead95424f5274d9c49678db17a2f2fef6fb,0000000000000000000000000000000000000000
070d2b615782730fa637590d8fa5f03bb706afad,0000000000000000000000000000000000000000
092bacf55ccb4b4765a19d639bf37307d802bff0,c98135c8986f6f0e64daa4984c4abbcc98865092
0a697712130b691476ef9e44f0b669acb3966cdd,e6f71dff2ab7b216e49ecd9d066c5a8f303d3f9d
0b6188ecab824a9ee7dff651bf49ebb11c592563,d48e5e5a21374f369fa6ac98f615ceb65a767e6b
0ce429eb6d68441fe975b6a290e56d5f96284555,682b767faa727cb860aa4c907619c63df83ea4f0
0d7eeeb7abd4d2865223ce14fc0d56659cc9d203,0000000000000000000000000000000000000000
0d899a768eacf233e503c4ff1b6464fa4f08f5d6,0000000000000000000000000000000000000000
0e0ae42694ad05cb95411953200c315368c3fa0b,3c2ae9e1d9d8a88e195939b1965653855e1a6c75
1190a56ba04091adf0e81801d4d80e86e65c77cb,e65f0fe867f14d8cc76b0d56bcd4c85224195add
1212568eeb80960696385f04a1dd6313e38e4e04,edfe72e3641c79a87a8c0ade31cc9324e4c05f5b
180a57ef7101a14963dd644e0d183514c7dfd108,0000000000000000000000000000000000000000
185aae0077bda99f4530b0556fa48e62d7ea1362,0000000000000000000000000000000000000000
19c5456e075d4dd646af6263c363dc6c72a4ab43,0000000000000000000000000000000000000000
1dbca922963c289c02e0916816baf8316ba3d440,6e41e89b24970741c7fa4cc3418057ef3783fdf7
1de778211435e9af52b20bd3a4ae8a4c5eef0a34,b9782d5a7f7a11ad0f41f218a4983a1db2dcae9d
1e89b39fd89a7585ce1fbe709484cfed88f451fa,0000000000000000000000000000000000000000
1f18151cb032e8e0d3a2be13a78382c6fceb1e94,6014632b70c6b1e85172ace7653559ec42ce6cdf
209619b36c94ee6a1f3f1d075a117a2b4da013ab,0000000000000000000000000000000000000000
224079dd1e0c20b4a9e703c980073984b105bce4,0000000000000000000000000000000000000000
25a5af9ceabe07e8808178b2a81dc2667b372457,d894e2509956d6b4f3065cd638eb04689a93320d
28491a49a2e72a6bdc956a9c98cf385dc91e0444,0000000000000000000000000000000000000000
28f755441de40680135789f447c46fbd0ac3e6b1,c50f6e9bd590169366de4fc2dbedeb489fe8a1ee
2905fb15b301eef22c53b4dee339034ccaa747d7,c5ef270fde5751a8e9ed6b1a960290fc81de8a8b
292fff167c61ebd4617296b5425eb9daf3ffa0b6,0000000000000000000000000000000000000000
294bae75fabe07480b9baf1e34be8bcd7ccb5da1,f4609216c8ca87558a8d72936e72e9af647a3cfb
2e3f0c1ee4d4751565dfa105cff50c314352d4d1,8113f82ab21014bcded291a0de54c924e1d5daf2
2f99537dfa629a15a5ea6c54bcb5cf1086775c1a,0000000000000000000000000000000000000000
30829c9a0ec365ed3fe54be5d62db5e0b6d1a533,0000000000000000000000000000000000000000
30914fc9b961749ecbb7a8ae5da7987f6a9920df,0000000000000000000000000000000000000000
33b77a47288c4fd9228a398df5d1b165d71351f8,0000000000000000000000000000000000000000
37e1f6313ff81117be8b3cceb8ed49eb9d6871eb,0000000000000000000000000000000000000000
3c927d279576d5217f27ba6b19de8eb2f4932caf,0000000000000000000000000000000000000000
43bcbb64ec43bc56dc659599fece611327528723,d205880925419d4b3c3bacd04d3783dd52b28fd0
44170ee4f330843e5920d28dafae697f59bd4c0a,0000000000000000000000000000000000000000
4460c34954605dd69dbc2bb966a7af0ad1719bb9,0000000000000000000000000000000000000000
4a7d830efaed0aa01224b504062c35d8a71aa102,0000000000000000000000000000000000000000
4c09e69aa360b00dd09379e75fb0a29b673b6620,4ccf4ac1bbbc3c98aa2234f3c80b1c1f2a4cd141
4d2660538f6134ddce0110aa1b2e6c18a040ae79,0000000000000000000000000000000000000000
4e1acb016b73109526dabeb517e294b102a10ec9,7a89d143a0f09032dc0f124a726211a09e84e872
4e70b57f74331478898b3b976c93f0c5446395df,0000000000000000000000000000000000000000
5031e086f79dd931d8948c752c3a5e9947a45c2c,0000000000000000000000000000000000000000
5051c69f46a37a5bcadedefcb2a1e734c43b1fa0,eb094463846b704bcb40deaaf46d22a7dfc06268
5188b95a837a3af039ee530c3a6ab89708578aa8,0000000000000000000000000000000000000000
522f2f2e368008494b5b93f048775e7dbf3fc9c3,3e88787ef48cb86dabdfbfbb9e19bb25032f5c47
523d64193359de5199564ac6c6ed19009d7faaef,719c05d2978a109fa55f777782a47c9f80d32970
537965100c654b3eceb1d8968593c3bd9467f975,0000000000000000000000000000000000000000
59134333773da52e0f142b73dc733a46d750172d,0000000000000000000000000000000000000000
5a1b8b559fc145b72e7cec79108b2aa8104c2702,cae56783d82ddf5ddeedad262ac95a2f5d3de8f7
63fb2b9a4db949450f5efc805224753cff01dd99,6eda28f2554ca99cd79ea03dedca3bf08cf52957
647d0a36a18f034aace7627822d6a511b65e2b91,0000000000000000000000000000000000000000
65d9cddbf87fe73649f6fb549315ac7eeb1fc497,0000000000000000000000000000000000000000
6738e93b9460fcd9334bd392982ab40a1ad1d4bd,dc2528aca436910f6905cb6a347597dcd706fe62
67d328b46d84ae599ebfe65ef550d156f689e112,0000000000000000000000000000000000000000
691820b7f44a97b0e65498063b1d409e08eeb3d0,9cd6d476df8b95ef6a6a9be6f424ec6c50920aaa
6ef285193b2f7f3af24619d9210830f0f4fe0fe9,fe9cf75488e7606ece53063707cd83f32f2d5d0b
716f0525d169e6e3243cdbdb5e499388d05362d0,f4096db2305bce2a0e6bb3b4288f8796d597bb1d
73e0d58bee67b438d151cb54820c594532a2ad03,0000000000000000000000000000000000000000
75750496a9b5fa2592285be3bc4398d2213ddffc,1bd049d0f262a76a6bd4a8a1003b32d16bbee44c
76066c208d5de87c062dba3cbda68fd48255d3a6,ce3b2fa0b757213276bb6e5dd028e6adf6373a83
768ca1f29a2b04aec94196e0df8cf517381aee6a,7031c75df4a63d9f5a15e3c266c7254e944d89e8
76a8fa8ee8a3f87f90513a41657c0e29c351fed3,0000000000000000000000000000000000000000
77283a2783b42a36dddec15a5c1cf4fce5569743,0000000000000000000000000000000000000000
790b97afb4d1d686e358d7aa6e0bb2b2321cf014,0000000000000000000000000000000000000000
7a09c710c27d4a22dadd59471e3dcb5fa856e37e,2af7d6df738257efd852894433caf9a4b9a18f60
7b1f2fc8b01478fa44c860e49a0336ecb0a218cd,0000000000000000000000000000000000000000
7c7e0335bcc00fa19180cc83ad05bf3a426a5490,0000000000000000000000000000000000000000
7e1058f251b82cc4ac3ca88edf0c076e4bd5aec9,f3f1f4dcfb20909160382286096892c0f3c30a83
802f2bf3c58ba160cac94120e44f4e26ae9a3afa,f7d11440fc4154fb9b531855aed25d20bacd076f
82281b18eaa787bed20ba3eed077dee6f4783e8c,1aa4eca5bbbea2a4c483959ea027f9351fcb5d4a
841b730a4c498bca44316c77d666f202d6a53791,0000000000000000000000000000000000000000
843e3f66b890ab8955b04f2ccb5f1fc8d155c1eb,87f4facc807599d411f61547eb071457023c1b6e
850112904b2dce0b13152161b613e08a2c858cbe,0000000000000000000000000000000000000000
855cdf98518b75ea789e42fce5ef8d69c21242cf,0000000000000000000000000000000000000000
86a0592d9eda56a0db276f8f381f5816bc99652e,7fd8f130cd43af51a60e2b8b3c536d1c7b589b3e
87e7876efd849da8d3199ba026e979a5d6911bd8,0000000000000000000000000000000000000000
88e0c67d78070d05cc47e3b8dd80aa11373decb2,e3aa5206c6d309076f30862ca042ab6a8ab8344d
8b27313459513a2a027ed1fb2268c448fa9ad1be,0000000000000000000000000000000000000000
8b9bd77e1cb6008ce9dab3bbe8652ab7979b4c99,0000000000000000000000000000000000000000
8bfdaa036febff8ce9add5399d90d01de8a70ffe,c413962fc333327ae84e81ae2fe3d3e274a164bb
8f5b0d234bda8cf8faa4a1e45800e7db57b5e8e8,0000000000000000000000000000000000000000
9a355f7ffd264da01b0bac4ba1bd96af94bb2059,0000000000000000000000000000000000000000
9b2e9c6a208869492ec7e9e5a5661a14abe8147c,0000000000000000000000000000000000000000
9b52c76ede35ab605a7e700f390a0012704ff4c6,0000000000000000000000000000000000000000
9faee623c96107506e58521d0067c905fa0009e4,159fb9286c81a835c34ea0a04816ced37bb28fce
a0738fe086b2476b55ba3ba2dfc0e68159437eac,0000000000000000000000000000000000000000
a12cab1826702e693985b1a7861a04b846f710a4,0000000000000000000000000000000000000000
a332db9158ac537515582e1b2fbbb6c9027bc663,0da0923fa2b8c7429d8a0bea3adfd0d5c06539f2
a62f1e93ba59cb6cbf1b1fc3b73e730ad0c9b759,0000000000000000000000000000000000000000
a92511bbfc8e7b9865755732bf4d2cdb8f0996d8,0000000000000000000000000000000000000000
aa0faea52b7c8540ec14f923f17771e91302c5dd,0000000000000000000000000000000000000000
aa21d385f5e7df2f7fffbcf6864bff3378ea0e0c,9318939950ea01030f9ca209c0d0f4673dad73fa
ab74807e8414e15cc6afe8f4f0b1ea79c381cc32,c5de07174a5ca2d112f333f620dfd5ffad27ee62
ad117a4c0870da61446b299b022a4245a03a51dc,13a6fcd42906d3f085a278f432715590c5e1111c
ada7f18482bd2e1a875ded2628fd13cdf3aee79b,0000000000000000000000000000000000000000
ae1cc53c50143252c2069e6b7bf4315bad01e859,09fb40e7cdb0c8a390f232686aead4067e1d17b8
aebd809bd84275e6e3214653186d30f5c81c6a4d,de8e109d4510c655b2070695f5b0c752a7a94113
b00ecdd7ef9eebfcd1b2892522b18a641783607b,0000000000000000000000000000000000000000
b0c34fc3b7c104fb37c51b541bf16c4020d26539,0000000000000000000000000000000000000000
b113facbe639e031d10632fb30154c623490c364,0000000000000000000000000000000000000000
b160ae8826330ce280c41108e9459550c399e8c6,0000000000000000000000000000000000000000
b28a7c57603d26ec5f1e9c8492cf42d2ed29231b,0000000000000000000000000000000000000000
b5fbebbc909421b7ccf67d92a4f624dc2caa4f55,9a567d6971067194e261a1a1247a7eb103dcd6a0
b79c55ac0d93563fbc56742623946dff2c052e74,0000000000000000000000000000000000000000
bc93881d2b556aadc78155a412052353fcdf0155,0000000000000000000000000000000000000000
bd64c415ee3d91941387d01c533d5c600ce865b7,0000000000000000000000000000000000000000
bd64f76ede1b9da6f64fb896e1c3208ef9fd9f7a,0000000000000000000000000000000000000000
bdfeb54ed0aa9d11c40c9bb52b33460bf6709682,0000000000000000000000000000000000000000
bf13bff95b6e1dc49ba818d5a790060aabf3eb42,0000000000000000000000000000000000000000
bf735d353324b968f4a92a00d3c588386dfa914a,12138ba5fc4c86169465227a518d661998f08a73
c0f62ca1527add5eb7489502a97a279304e891e1,0000000000000000000000000000000000000000
c187b1dbb049ec645987db6aa67dee5efc231c1f,0000000000000000000000000000000000000000
c498fda103f4fbb0c3e695a4a19b1b5ca47d00fc,01498d2aadd9478eee7fb2ea7792e27743d54d67
c4fde3797e754c057116cb85fe5662cd76114303,1c95a113ac93e46b7e41f28f8db7102bfde4842c
c62bb266e8ecb5d62c2730e29b5f163e3c006a13,0000000000000000000000000000000000000000
c6f490afc63b875409ff8039b078fa06908e9ceb,0000000000000000000000000000000000000000
c7f037447efd75a4a4c7cc9645a96bf22d4b87c8,288ef0b853d712770cd30b15c407649f07b74853
c884cda8439f3ad9bf82ae6aaaabb2e29f1b7bc2,07f59b186ee58031f96cf57d07d4215a8d1a2fca
c9d55759a249ad7b2923b62e1d645622276022db,0000000000000000000000000000000000000000
cac311d70ea7d9a4183c2e6f7fc14dc0ba870b66,859eece57eae34e00b547f1dca8086250381d012
cbb8a576e2e8cc2bdb790615b41b8f1b96d46602,0000000000000000000000000000000000000000
ccc07353ff9908906f42152b964702063968b9c2,0000000000000000000000000000000000000000
cd60c47c577c76e23369c7d18ffb75ffad298be0,0000000000000000000000000000000000000000
ce5c86cbcc2f6906f339324d60e9aa7be8ef6f16,d376ee74cd561a0572c53c480ffe443f5cb26c6f
d085bb2ccc9e4a9fa78380de59464dc936506912,0000000000000000000000000000000000000000
d15ce5b650c476273a7bbcbf0be4d027be86bcc1,0000000000000000000000000000000000000000
d17485da28e178e3361b9cd250cc39dd5c4872c7,0000000000000000000000000000000000000000
d68cee97074f8f5e310318ac285d98721b68e764,0000000000000000000000000000000000000000
d6b749950a2e0f6f6f84ee04c59ae5ee397c8c8c,0000000000000000000000000000000000000000
d6d52192964cd133684ba7414cf23d6631e9ac9e,0000000000000000000000000000000000000000
d86171941beacc3e613e79080a6f2488dae5ac9d,0000000000000000000000000000000000000000
db3f7c0452c8391cbd9b9fb6fe87b8704df78e1c,0000000000000000000000000000000000000000
dc18cf3899342d3ea41c92e96dcc48d7e7b3db08,b0619378dc4e2925a34f497922edb662c912ba3f
dcde20e183a6ee436ddf01430cfd519c98757a0a,0000000000000000000000000000000000000000
de04bced0a97563b2d7874f19f8b44af83050171,0000000000000000000000000000000000000000
de5eaaaeb0a84641188caaece902a947be086339,0000000000000000000000000000000000000000
df0a4cfb08ce36b5e27c24a58fa506c3218df2f2,0000000000000000000000000000000000000000
e306191c9a75bc93b3ffd1c3fe7ea6e78a378be7,0000000000000000000000000000000000000000
e4da17d65cbb71c3f2eda29418b39aee3703ed18,0000000000000000000000000000000000000000
e5341d2fa24df49269d2b9fd44c4744a90fabd65,0000000000000000000000000000000000000000
e6830eaf5d28395353e0080fa7b9e8d763e1c5df,542b043a59a55981878bd07a0c6aa52b4490905d
e8a7a2dd1f2178307e499b31416221343701cd3f,0000000000000000000000000000000000000000
ebea962023f97683bb2eb36b8666683732c8aeb7,0000000000000000000000000000000000000000
ed2ffae13b92bae595953a19973bcf48c7feefcd,0000000000000000000000000000000000000000
eeaaf1197f6234a29d729cdbedbee2dcd9f2239c,7b1d9c4006c32a9b0e6c6eac50c2e2133b14b12b
eed4902a83cd7339eb8f0de130fb7e2867ee2616,4ae6078b01290cad9bccd154981c0691b9c7351c
f17cef014393d909f61d3c4e264d76179e0360b4,0000000000000000000000000000000000000000
f61cadb677dc8518bc1dcfb7f96d2c21af5d7e1f,0000000000000000000000000000000000000000
f7e157d65bc49c18a675f2d389ec1cf40c5a47b1,0000000000000000000000000000000000000000
f9f828f93cbf5ac290f22db1a18abb12988f687b,6db1bd1a64cba13d0a82db7dd84200f387a2a719
fbcd42d34f51f1c521c78276816fbf14e31f15ac,4fd01440121b48b00559f292d8be12baa24dcfd8
fc468fce2c3fafda1711947efa5e6e79769c2cd3,0000000000000000000000000000000000000000
fd853f0ffee559c0b3b6c473b7047914f18043b4,0000000000000000000000000000000000000000
fdef5908311f05dcbd37bde2b5245e28d4366fc3,0000000000000000000000000000000000000000
ff786a56116b5cf157bf95c36bc9c154d2baf7a0,0000000000000000000000000000000000000000
